tag,model,seed,train_fraction,n_train,accuracy,balanced_accuracy,macro_precision,macro_recall,macro_f1,weighted_f1,mcc,cohen_kappa,nll,brier,ece,roc_auc_ovr_macro,tta_accuracy,tta_macro_f1,tta_ece,val_accuracy,val_nll,best_epoch,epochs_completed,train_time_min,params_M
cgf_noattn_seed123,cgf_noattn,123,1.0,6999,0.948,0.9445136255655003,0.9499342146734439,0.9445136255655003,0.9449726337155577,0.9478184114988175,0.9462833118053681,0.946149034617886,0.23110411160272268,0.08223149652755546,0.055429555720423865,0.998611088490174,0.953,0.9502235127528849,0.05909490236557789,0.9600399600399601,0.19768334480301256,3,11,20.657500473658242,90.749654
cgf_noattn_seed2026,cgf_noattn,2026,1.0,6999,0.9635,0.9614563230128375,0.962939587463863,0.9614563230128375,0.9615749029354651,0.9633288582552593,0.9622391427953347,0.9622022716952489,0.22386877501028996,0.06575284103967928,0.05157471192480344,0.9976768083429468,0.9655,0.963235246757554,0.06088144368916831,0.971028971028971,0.1791138798330102,14,22,41.252465005715685,90.749654
cgf_noattn_seed42,cgf_noattn,42,1.0,6999,0.9675,0.9645093600039029,0.9651377265734894,0.9645093600039029,0.9644756657552221,0.9671888032417987,0.9663653351570916,0.9663448195875222,0.19795915325723648,0.05528938551177523,0.05822138310170164,0.998537862507997,0.9705,0.9679235277516154,0.06805065207826069,0.97002997002997,0.20136445802358605,14,22,41.27245256106059,90.749654
cgf_noaux_seed123,cgf_noaux,123,1.0,6999,0.9655,0.962949407420823,0.9648191518648414,0.962949407420823,0.9632081295961452,0.9651941000462952,0.9643134673088481,0.964272769637032,0.21699560373137136,0.06040412770541796,0.06156177022621834,0.9978416606519139,0.966,0.9633562700891573,0.06665110623048433,0.97002997002997,0.21351467506319904,24,25,47.173651337623596,91.261594
cgf_noaux_seed2026,cgf_noaux,2026,1.0,6999,0.9675,0.9646535086166464,0.9662689980313214,0.9646535086166464,0.9650422865025459,0.9673910852212659,0.9663745193769816,0.9663442445292569,0.2057534706411112,0.05837305689560112,0.06356983372094749,0.9989995874292726,0.967,0.9652253651550179,0.06477772345133012,0.972027972027972,0.1917602545885487,18,25,47.160122176011406,91.261594
cgf_noaux_seed42,cgf_noaux,42,1.0,6999,0.963,0.9610333500170934,0.961822779635692,0.9610333500170934,0.960589372842906,0.9628535856048895,0.9617432282084074,0.9616859626168902,0.23987513782441416,0.06795109365721919,0.057968549522462214,0.9969438891434181,0.964,0.9609776159320595,0.06216319762838389,0.973026973026973,0.20001651838324644,20,25,47.178691212336226,91.261594
cgf_nogate_seed123,cgf_nogate,123,1.0,6999,0.959,0.9553772359478158,0.9592691345934761,0.9553772359478158,0.9561437784017699,0.9588540452774933,0.9576038290948843,0.9575408488102117,0.23366280952232898,0.07087735913131767,0.06967351876575481,0.9971228078072287,0.9635,0.9605792758262209,0.07407171698651903,0.97002997002997,0.20416257523549747,6,14,26.53287321726481,91.080662
cgf_nogate_seed2026,cgf_nogate,2026,1.0,6999,0.972,0.9698902140118886,0.9706999002694775,0.9698902140118886,0.9700547202014146,0.9718498211691533,0.9710188723990475,0.971004542449091,0.22030991850070406,0.05551874662441509,0.07636695632870857,0.9982986417853038,0.9725,0.9699450484969833,0.07778072006877851,0.973026973026973,0.2134009807305894,25,25,47.30310391982396,91.080662
cgf_nogate_seed42,cgf_nogate,42,1.0,6999,0.9705,0.9684786556905306,0.9689830622281993,0.9684786556905306,0.968312222144751,0.9702436515314696,0.9694797052140677,0.9694515939795822,0.21329448839056972,0.055336950859344466,0.07598842107267469,0.9988129500332292,0.9685,0.9666063464153304,0.08038646572876364,0.977022977022977,0.19697621235842486,22,25,47.2211874961853,91.080662
cgf_seed123,cgf,123,1.0,6999,0.9685,0.9661975691751487,0.9676529406751729,0.9661975691751487,0.9665227672302518,0.9684291326823729,0.9674078277121919,0.967380025806024,0.18848933450285935,0.05363586470098245,0.06718034834544585,0.9990927172460413,0.97,0.9679881688573876,0.07179929427409036,0.9760239760239761,0.1790743889263688,14,22,41.727759353319804,91.277014
cgf_seed2026,cgf,2026,1.0,6999,0.9595,0.9564723909498344,0.9586500981440539,0.9564723909498344,0.9568683247991507,0.9594203162835334,0.9581068498414643,0.9580594685668662,0.22133281448392933,0.07037328161946516,0.05110692131360238,0.998211595114382,0.958,0.9551177730370993,0.053162586682031096,0.968031968031968,0.1920773250898143,8,16,30.364339661598205,91.277014
cgf_seed42,cgf,42,1.0,6999,0.9705,0.9680425132913277,0.9689297226090093,0.9680425132913277,0.9680437821170198,0.9702506273625874,0.969478573555842,0.9694512143660066,0.2082064635812257,0.05511020235857293,0.06266745361770809,0.9983789064600203,0.969,0.9662096400831479,0.06765295965524327,0.975024975024975,0.18173832310532467,23,25,47.813752845923105,91.277014
cgf_tr20_seed42,cgf,42,0.2,1411,0.934,0.9309337177515088,0.9358159171924626,0.9309337177515088,0.9316353042567868,0.9339894119279349,0.9317869862764904,0.9316523611261412,0.31106757197846074,0.10456181009160877,0.0537948820635538,0.9972016745001061,0.9385,0.9358004844784138,0.060034970179288286,0.9470529470529471,0.27522509387299876,15,23,10.173854283491771,91.277014
cgf_tr50_seed42,cgf,42,0.5,3507,0.9555,0.9528685194065862,0.9550904631556406,0.9528685194065862,0.9532722979176559,0.955285797196361,0.9539644507594605,0.9539170268301284,0.24060624556308263,0.07417876877429487,0.06107687285579487,0.9986217121335536,0.959,0.9574823951867618,0.05941632394511766,0.9630369630369631,0.219418826360925,24,25,24.669705442587535,91.277014
cnn_seed123,cnn,123,1.0,6999,0.9635,0.9599998245737685,0.9623348468919465,0.9599998245737685,0.960599919620449,0.9632814066205548,0.9622338882085821,0.9622009995505544,0.22154079846616184,0.06988859813595957,0.09030786746851127,0.9986872159668384,0.9695,0.9668158618236381,0.09787774427969673,0.974025974025974,0.20150129142529863,23,25,16.276087685426077,4.045978
cnn_seed2026,cnn,2026,1.0,6999,0.96,0.9571859330854352,0.9597539814682647,0.9571859330854352,0.9575349847313145,0.959805424107245,0.9586361125385805,0.9585770384239392,0.24279012100400962,0.07731011283519625,0.09186481977853825,0.9977952059247974,0.964,0.9616356828449764,0.10481270584181014,0.973026973026973,0.2175655236414749,16,24,15.234756847222647,4.045978
cnn_seed42,cnn,42,1.0,6999,0.9595,0.9555999736109235,0.9569837921427223,0.9555999736109235,0.9555162158970149,0.9591642793235694,0.9581023311673593,0.9580596640113084,0.2422956862172549,0.07653397008009169,0.09788071811759816,0.9980146021527393,0.966,0.962717790216169,0.10976589458920596,0.974025974025974,0.22087705711699213,21,25,14.708275524775187,4.045978
cnn_tr20_seed42,cnn,42,0.2,1411,0.931,0.926584840790435,0.9313174239187965,0.926584840790435,0.9274644784647819,0.9305672900122318,0.9286269503338898,0.9285415802563493,0.3228308923139627,0.12065050690837446,0.08715559842273447,0.9978134617095374,0.9325,0.9289725211110194,0.09775158912789267,0.9330669330669331,0.3268369259451409,22,25,4.4042295694351195,4.045978
cnn_tr50_seed42,cnn,42,0.5,3507,0.955,0.9528718090684125,0.9538550115839008,0.9528718090684125,0.9526969982005766,0.9550345592679444,0.9534436690734193,0.9534014603982311,0.24729853494142945,0.08403234073980381,0.08765880114475014,0.9988216071231141,0.9605,0.9586368743596819,0.09738045856911903,0.965034965034965,0.22696994208134694,23,25,8.837580768267314,4.045978
concat_seed123,concat,123,1.0,6999,0.96,0.9575003838331891,0.9596306582507433,0.9575003838331891,0.9579467520210488,0.9598386385152905,0.9586171576391639,0.9585774459370947,0.24901800424435588,0.07182685571179528,0.07842831596246935,0.9970197288474073,0.965,0.9629865673595882,0.0771649907985225,0.972027972027972,0.2086504072202692,15,23,44.32856006622315,90.537882
concat_seed2026,concat,2026,1.0,6999,0.9685,0.9666822228709705,0.9669030455727436,0.9666822228709705,0.9662849494215177,0.9683257611175936,0.9674115120209973,0.9673812080550812,0.2165582048113191,0.056758398937649106,0.08251747946243954,0.9987830086548531,0.969,0.9668812186845034,0.08086619648445782,0.971028971028971,0.21138613071816664,25,25,46.6948104818662,90.537882
concat_seed42,concat,42,1.0,6999,0.959,0.9565169225142651,0.9592295934517422,0.9565169225142651,0.9571012467818036,0.9588551017358115,0.9575858662201346,0.9575407388843467,0.23849976475844017,0.06940591028512441,0.06534244530104114,0.9978997615890128,0.9665,0.9648935013477136,0.07103818827118488,0.9630369630369631,0.22297803897574434,10,18,33.37310116291046,90.537882
gate_scalar_seed123,gate_scalar,123,1.0,6999,0.9655,0.9635683893129448,0.9650168375451251,0.9635683893129448,0.9637815417560817,0.9654774790764107,0.9643077772711841,0.9642738240522079,0.19796143140427283,0.05729986687314685,0.059026210806500154,0.9987891915945172,0.9665,0.9645440349040544,0.05995158405654036,0.972027972027972,0.1925272489674331,18,25,46.57730108499527,90.537627
gate_scalar_seed2026,gate_scalar,2026,1.0,6999,0.957,0.9545257385931131,0.9555886550422181,0.9545257385931131,0.9543574046889091,0.9566374851355293,0.9555150951350688,0.9554713077300256,0.23606037937925012,0.07088120998898326,0.04624878158841402,0.9974669448127417,0.9625,0.9598157812949843,0.05327908347510661,0.97002997002997,0.1767833758401848,15,23,42.96252984205882,90.537627
gate_scalar_seed42,gate_scalar,42,1.0,6999,0.965,0.9624476670309384,0.9638567798714023,0.9624476670309384,0.9625499666928796,0.9648011330414084,0.9637977927530393,0.9637556217619532,0.21098477536748936,0.060072789315176275,0.052243183116656204,0.9972077047173867,0.97,0.9675891101964699,0.0594589966450236,0.972027972027972,0.20288268212041843,23,25,46.21792362531026,90.537627
vit_seed123,vit,123,1.0,6999,0.963,0.9617077801666547,0.9612807846330148,0.9617077801666547,0.9610208946363656,0.9628153701802923,0.9617190929236558,0.9616864783815954,0.2442237778439996,0.06655784045357364,0.08468725124511509,0.9968237371161195,0.9645,0.9624983933546499,0.0890784258454939,0.971028971028971,0.2179363763581093,20,25,33.88365357319514,85.821726
vit_seed2026,vit,2026,1.0,6999,0.963,0.9609434432052276,0.9626289698671023,0.9609434432052276,0.9607728077794556,0.9626972808238755,0.9617469352062186,0.9616844350784175,0.23815636381219873,0.06584275768199152,0.08541439942244605,0.997401717182906,0.9685,0.9661909700824034,0.08474557372597938,0.97002997002997,0.22159982547897508,21,25,33.68360165754954,85.821726
vit_seed42,vit,42,1.0,6999,0.9705,0.968667456063529,0.968921810176812,0.968667456063529,0.9685405042622516,0.9705259034186264,0.9694674414120352,0.9694521317493314,0.22994605484372688,0.05888494652987262,0.07819420236694434,0.9955967423083235,0.968,0.9656823139183519,0.08298762171582777,0.978021978021978,0.19817312751821034,23,25,33.61607946952184,85.821726
vit_tr20_seed42,vit,42,0.2,1411,0.9415,0.9365698975876451,0.9392076669881625,0.9365698975876451,0.9371439399493725,0.9412845394511371,0.9394626332642371,0.9394186050124114,0.3122443866275841,0.09753941288070046,0.09308209514434515,0.9983221143114275,0.9435,0.9390825493401364,0.09914079952127973,0.9430569430569431,0.3098710898782406,22,25,8.126831710338593,85.821726
vit_tr50_seed42,vit,42,0.5,3507,0.9555,0.9514261609385745,0.9544395164207576,0.9514261609385745,0.9521592550083192,0.9552410588516582,0.9539596461019132,0.9539154280790708,0.2541273443490987,0.07473225463609415,0.08420717156593485,0.9979721715274102,0.961,0.9581008887683439,0.08638263679010158,0.961038961038961,0.24374407796333103,14,22,15.608125869433085,85.821726
