epoch,train_loss,train_accuracy,val_loss,val_accuracy,lr_scale,epoch_time_sec
1,1.292817903209469,0.745137299771167,0.36485386185802066,0.9140859140859141,0.3333333333333333,118.53330302238464
2,0.4090307886867829,0.915903890160183,0.2673548062245448,0.9370629370629371,0.6666666666666666,112.65219187736511
3,0.3165751713662658,0.9386441647597255,0.2182739601060227,0.945054945054945,1.0,112.74633359909058
4,0.2530126901773962,0.9556636155606407,0.19727573343938762,0.954045954045954,0.9953895432879837,112.24423933029175
5,0.21996429420632546,0.9691075514874142,0.20208525068901637,0.962037962037962,0.9816440572371606,112.12011528015137
6,0.19246219725985275,0.9746853546910755,0.24481454411973724,0.9460539460539461,0.9590195942451992,112.46989297866821
7,0.1756807482274978,0.9821224256292906,0.24949605486818127,0.942057942057942,0.9279376052505118,111.90445971488953
8,0.16930114633874707,0.9842677345537757,0.22589916843068708,0.9560439560439561,0.8889770888986879,111.58845019340515
9,0.1568081412140442,0.9856979405034325,0.266057866317528,0.9470529470529471,0.8428638058932338,113.13094973564148
10,0.15820547411520913,0.9871281464530892,0.21354603158546376,0.965034965034965,0.7904567594468592,111.95477628707886
11,0.1455249151841522,0.9915617848970252,0.2340413421303123,0.9560439560439561,0.7327321936769203,111.66794800758362
12,0.14108616797769233,0.9915617848970252,0.25615622039203284,0.952047952047952,0.6707654080246381,112.55313682556152
13,0.13472685967604,0.9928489702517163,0.19328551193872293,0.968031968031968,0.6057107264610538,112.12619161605835
14,0.13066504155743858,0.9932780320366132,0.20136445466723,0.97002997002997,0.5387799946155122,111.90856909751892
15,0.1296236877088825,0.993850114416476,0.23463392850536327,0.961038961038961,0.47122000538448794,112.24616861343384
16,0.12573537763284873,0.9944221967963387,0.20479761633824756,0.965034965034965,0.4042892735389464,112.0718252658844
17,0.11778046038999165,0.9974256292906178,0.21938390461179044,0.9630369630369631,0.3392345919753619,111.8879942893982
18,0.1163480231022671,0.9982837528604119,0.22016324990100555,0.964035964035964,0.2772678063230797,112.0739254951477
19,0.11921062428734396,0.9967105263157895,0.2116298625593657,0.965034965034965,0.2195432405531408,112.29166030883789
20,0.11650054447045997,0.9975686498855835,0.20548947562615236,0.967032967032967,0.16713619410676633,111.93092799186707
21,0.11262509783461383,0.9987128146453089,0.2036359506202387,0.97002997002997,0.12102291110131214,111.82139682769775
22,0.11086597518667203,0.9994279176201373,0.1980076892288415,0.968031968031968,0.08206239474948815,114.42269730567932
