,params_M,gflops,latency_ms_bs1,throughput_img_s,accuracy_mean,accuracy_sd,train_min_per_run
cnn,4.046,0.769,10.599,1869.656,96.1,0.218,15.406
vit,85.822,22.541,6.097,353.0,96.55,0.433,33.728
concat,90.538,23.42,16.972,303.333,96.25,0.522,41.465
gate_scalar,90.538,23.42,19.259,302.864,96.25,0.477,45.253
cgf,91.277,23.508,12.403,302.248,96.617,0.586,39.969
cgf_noattn,90.75,23.42,18.06,303.428,95.967,1.03,34.394
cgf_nogate,91.081,23.507,16.079,300.264,96.717,0.711,40.352
cgf_noaux,91.262,23.508,17.757,300.721,96.533,0.225,47.171
late_avg,89.868,23.31,16.696,296.937,97.217,0.161,
late_val,89.868,23.31,16.696,296.937,97.083,0.437,
