,cnn,vit,concat,gate_scalar,cgf
Airport,0.9816,0.9744,0.9694,0.9765,0.9764
BareLand,0.9699,0.9784,0.9837,0.967,0.9842
BaseballField,0.978,0.9704,0.985,0.9814,0.9888
Beach,0.9958,0.9938,0.9959,0.9959,0.9959
Bridge,0.9906,0.9811,0.9786,0.9809,0.981
Center,0.8351,0.8802,0.8585,0.8916,0.847
Church,0.8993,0.9373,0.9127,0.9174,0.9215
Commercial,0.9279,0.9513,0.9268,0.929,0.9337
DenseResidential,0.9472,0.9761,0.9619,0.9701,0.972
Desert,0.9919,0.9888,0.9972,0.9865,0.9944
Farmland,0.982,0.991,0.9888,0.9845,0.991
Forest,0.9899,0.9966,0.9966,0.9933,0.9966
Industrial,0.9411,0.9623,0.9615,0.9555,0.9466
Meadow,0.9609,0.9787,0.9583,0.9724,0.979
MediumResidential,0.9672,0.9704,0.9593,0.9733,0.9795
Mountain,0.9952,0.9976,0.9952,0.9976,0.9975
Park,0.905,0.8995,0.908,0.9109,0.9302
Parking,0.9914,0.9829,0.9872,0.9851,0.9851
Playground,0.9773,0.9769,0.9682,0.9654,0.9746
Pond,0.9861,0.9783,0.9841,0.9843,0.9922
Port,0.9912,0.9779,0.9709,0.9753,0.9782
RailwayStation,0.9503,0.953,0.9714,0.9623,0.9585
Resort,0.8522,0.8719,0.8774,0.8529,0.8685
River,0.9918,0.9879,0.986,0.9859,0.998
School,0.9071,0.9409,0.9297,0.9016,0.9196
SparseResidential,0.9836,0.9891,0.989,0.9863,0.9917
Square,0.9017,0.8679,0.8755,0.8794,0.8984
Stadium,0.9628,0.9776,0.9721,0.9667,0.9633
StorageTanks,0.9883,0.979,0.9838,0.9838,0.9791
Viaduct,0.9941,0.9921,0.9808,0.9941,0.9921
